{
  "lr": 0.0005263611905806588,
  "gamma": 0.9836654598504866,
  "K_epochs": 10,
  "update_timestep": 4000,
  "hidden_dim": 512
}